Domain,Cloudflare,Segment,July robots.txt status,Sept 16 status (pipeline),"Retry status (home IP, curl)",Retry got valid robots.txt,Retry status (datacenter IP),Datacenter retry valid,July: disallowed GPTBot
123moviesfree.net,no,Top web,200,451,301,no,200,yes,no
1drv.com,no,Top web,200,503,0,no,200,yes,no
1porn.tv,yes,Top web,200,403,403,no,403,no,no
2ch2.net,yes,Top web,200,404,404,no,404,no,yes
3xyaoi.com,yes,Top web,200,403,403,no,403,no,yes
adage.com,no,Top web,200,403,403,no,403,no,yes
adsmoloco.com,yes,Top web,200,404,404,no,404,no,no
afun.mx,yes,Top web,200,403,403,no,403,no,no
aiscore.com,yes,Top web,200,403,403,no,403,no,no
amazonalexa.com,no,Top web,200,503,200,no,200,no,no
animepahe.pw,yes,Top web,200,403,403,no,403,no,yes
animevietsub.site,yes,Top web,200,403,403,no,403,no,yes
apnews.com,yes,News publisher,200,403,200,yes,,,yes
apuestasroyal.com,yes,Top web,200,403,403,no,200,no,yes
arabshentai.com,yes,Top web,200,403,403,no,403,no,yes
arkansasbusiness.com,yes,News publisher,200,403,403,no,403,no,yes
artnet.com,yes,Top web,200,403,403,no,403,no,no
asda.com,yes,Top web,200,403,403,no,403,no,yes
austinchronicle.com,no,News publisher,200,429,200,yes,,,no
autozone.com,no,Top web,200,403,403,no,200,yes,no
avlwatchdog.org,no,News publisher,200,429,200,yes,,,yes
baitoru.com,no,Top web,200,403,403,no,403,no,no
bandsintown.com,yes,Top web,200,403,403,no,403,no,yes
batdongsan.com.vn,yes,Top web,200,403,403,no,403,no,no
berkeleyside.org,no,News publisher,200,429,200,yes,,,yes
bet9ja.com,no,Top web,200,403,403,no,403,no,no
bizjournals.com,yes,News publisher,200,403,403,no,403,no,yes
blinkit.com,yes,Top web,200,403,403,no,403,no,no
boardgamegeek.com,yes,Top web,200,403,200,yes,,,yes
bps.go.id,yes,Top web,200,403,403,no,403,no,yes
bunkr.cr,yes,Top web,200,404,404,no,404,no,yes
canopyatlanta.org,no,News publisher,200,429,200,yes,,,yes
capitalbnews.org,no,News publisher,200,429,200,yes,,,no
capitolnewsillinois.com,no,News publisher,200,429,200,yes,,,no
cardmarket.com,yes,Top web,200,403,403,no,403,no,yes
case-battle.red,no,Top web,200,404,404,no,err:ProxyError,no,yes
cdn-cookieyes.com,yes,Top web,200,403,403,no,err:ProxyError,no,yes
celebforum.to,yes,Top web,200,403,403,no,403,no,yes
chefkoch.de,no,Top web,200,403,403,no,403,no,yes
cisco.com,no,Top web,200,403,200,yes,,,no
clickr.pro,yes,Top web,200,403,403,no,521,no,yes
cloudpath.live,yes,Top web,200,404,404,no,404,no,yes
codepen.io,yes,Top web,200,403,403,no,403,no,yes
coloradosun.com,no,News publisher,200,429,200,yes,,,no
comix.to,yes,Top web,200,404,404,no,404,no,yes
cookielaw.org,yes,Top web,200,421,421,no,421,no,yes
demonicscans.org,yes,Top web,200,404,404,no,404,no,yes
distintas.net,yes,Top web,200,404,404,no,404,no,yes
dnsmadeeasy.com,no,Top web,200,404,404,no,404,no,no
dnyuz.com,yes,News publisher,200,403,403,no,403,no,no
documentcloud.org,yes,Top web,200,403,403,no,403,no,yes
elconfidencial.com,no,Top web,200,403,200,yes,,,no
elmaz.com,yes,Top web,200,403,403,no,403,no,no
emarsys.net,yes,Top web,200,403,403,no,403,no,no
escort.club,no,Top web,200,403,200,yes,,,no
europepmc.org,yes,Top web,200,403,403,no,403,no,no
fbise.edu.pk,yes,Top web,200,403,403,no,403,no,yes
feedtofap.com,yes,Top web,200,404,404,no,404,no,yes
filmix.my,no,Top web,200,451,0,no,200,yes,yes
filmmakinesi.to,yes,Top web,200,403,403,no,403,no,no
fitgirl-repacks.site,no,Top web,200,451,0,no,err:ProxyError,no,no
floridaphoenix.com,yes,News publisher,200,403,403,no,403,no,yes
fojik.site,no,Top web,200,451,0,no,403,no,no
freedot.info,yes,Top web,200,404,404,no,404,no,yes
gamespot.com,yes,Top web,200,403,403,no,403,no,yes
gamisco.com,yes,Top web,200,404,404,no,404,no,yes
gemidos.tv,yes,Top web,200,404,404,no,404,no,yes
geo.io,yes,Top web,200,403,403,no,403,no,yes
gettyimages.com,no,Top web,200,403,200,yes,,,no
getyourguide.com,yes,Top web,200,403,403,no,403,no,no
gitea.io,no,Top web,200,502,200,yes,,,no
gogoroyal.com,yes,Top web,200,404,404,no,404,no,yes
goojara.to,no,Top web,200,451,301,no,200,yes,no
harica.gr,no,Top web,200,404,404,no,404,no,no
heart.org,yes,Top web,200,403,403,no,403,no,no
hentaifox.com,yes,Top web,200,404,404,no,404,no,yes
huaweicloud.com,no,Top web,200,403,200,yes,,,no
huaweicloudwaf.com,no,Top web,200,403,0,no,200,no,no
idealista.pt,yes,Top web,200,403,403,no,403,no,no
ieee.org,no,Top web,200,202,202,no,202,no,yes
ikiru.wtf,yes,Top web,200,404,404,no,404,no,yes
imhentai.xxx,yes,Top web,200,404,404,no,404,no,yes
indiancountrytoday.com,no,News publisher,200,429,200,yes,,,yes
injusticewatch.org,no,News publisher,200,429,200,yes,,,no
instiz.net,yes,Top web,200,403,403,no,403,no,no
investing.com,yes,Top web,200,403,403,no,200,yes,no
irecommend.ru,no,Top web,200,521,521,no,200,yes,no
istockphoto.com,no,Top web,200,403,200,yes,,,no
iu.edu,no,Top web,200,404,404,no,404,no,no
jhu.edu,yes,Top web,200,403,403,no,403,no,yes
kansascitydefender.com,no,News publisher,200,429,200,yes,,,yes
kinoafisha.info,no,Top web,200,403,200,yes,,,no
kinogo.ec,no,Top web,200,451,0,no,200,yes,no
kisskh.co,no,Top web,200,451,0,no,200,no,no
kniga-online.com,yes,Top web,200,403,403,no,err:ProxyError,no,yes
lasentinel.net,yes,News publisher,200,403,403,no,403,no,yes
lebtown.com,yes,News publisher,200,403,403,no,200,yes,no
list.am,yes,Top web,200,403,403,no,403,no,yes
llamarpc.com,yes,Top web,200,526,526,no,526,no,yes
loc.gov,yes,Top web,200,403,403,no,200,yes,no
loudecho.ai,yes,Top web,200,404,404,no,404,no,yes
lovable.app,yes,Top web,200,403,403,no,403,no,no
maariv.co.il,yes,News publisher,200,403,403,no,403,no,no
mangabuddy.com,yes,Top web,200,404,404,no,404,no,yes
mangak.io,yes,Top web,200,404,404,no,404,no,yes
manhwaread.com,yes,Top web,200,403,403,no,403,no,no
market-qx.trade,yes,Top web,200,403,403,no,err:ProxyError,no,yes
marylandmatters.org,yes,News publisher,200,403,403,no,200,yes,yes
mastiraja.com,yes,Top web,200,403,403,no,403,no,yes
metal-archives.com,yes,Top web,200,403,200,yes,,,yes
micasino.com,no,Top web,200,403,403,no,200,yes,no
mingky13.net,yes,Top web,200,403,403,no,522,no,yes
minhngoc.net,no,Top web,200,404,404,no,404,no,no
minhngoc.net.vn,no,Top web,200,404,404,no,404,no,no
minnpost.com,no,News publisher,200,429,200,yes,,,yes
mississippitoday.org,yes,News publisher,200,403,403,no,403,no,yes
missouriindependent.com,yes,News publisher,200,403,403,no,200,yes,yes
mobcup.fm,yes,Top web,200,403,403,no,403,no,yes
mycima.cc,yes,Top web,200,403,403,no,403,no,yes
myreadingmanga.info,yes,Top web,200,403,403,no,403,no,yes
n2ch.net,yes,Top web,200,403,403,no,403,no,no
naijaprey.tv,no,Top web,200,451,301,no,200,yes,no
nami.org,yes,Top web,200,403,403,no,200,yes,yes
nepremicnine.net,yes,Top web,200,403,403,no,403,no,yes
newscientist.com,no,News publisher,200,406,200,yes,,,yes
nextcity.org,yes,News publisher,200,403,403,no,200,yes,yes
nexusmods.com,yes,Top web,200,403,403,no,403,no,yes
njav.com,yes,Top web,200,403,403,no,200,yes,no
notthebee.com,yes,News publisher,200,404,404,no,404,no,yes
ntv.com.tr,yes,Top web,200,403,403,no,200,yes,yes
ntvspor.net,yes,Top web,200,403,403,no,200,yes,no
ny.gov,yes,Top web,200,403,200,yes,,,no
oaistatsig.com,yes,Top web,200,404,404,no,404,no,yes
oann.com,yes,News publisher,200,403,200,no,403,no,yes
oceanofpdf.com,no,Top web,200,451,0,no,403,no,no
oklahomawatch.org,no,News publisher,200,429,200,yes,,,yes
olympusbiblioteca.com,yes,Top web,200,404,404,no,404,no,yes
onlar.az,yes,Top web,200,403,403,no,403,no,no
onlinesbi.sbi,no,Top web,200,404,404,no,404,no,no
oregoncapitalchronicle.com,yes,News publisher,200,403,403,no,200,yes,yes
outliermedia.org,no,News publisher,200,429,200,yes,,,yes
outlook.com,no,Top web,200,400,400,no,200,no,no
owasp.org,no,Top web,200,404,404,no,404,no,no
potok.cash,no,Top web,200,404,404,no,404,no,yes
poynter.org,yes,Top web,200,403,200,yes,,,no
producthunt.com,yes,Top web,200,403,200,yes,,,no
q10.com,yes,Top web,200,404,404,no,404,no,no
quillbot.com,yes,Top web,200,403,403,no,403,no,no
realme.com,no,Top web,200,502,502,no,200,yes,no
redwap.me,yes,Top web,200,403,200,yes,,,no
rezka.ag,no,Top web,200,451,0,no,200,yes,no
romsgames.net,no,Top web,200,451,0,no,200,yes,no
rudderlabs.com,no,Top web,200,404,0,no,404,no,no
rutracker.org,no,Top web,200,451,0,no,403,no,no
salthasher.com,yes,Top web,200,403,403,no,403,no,yes
simontokx.tv,yes,Top web,200,403,403,no,403,no,yes
smotrim.ru,no,Top web,200,451,0,no,err:ProxyError,no,no
soccer365.ru,no,Top web,200,451,0,no,200,yes,no
sourcefire.com,no,Top web,200,403,403,no,200,no,no
sourcenm.com,yes,News publisher,200,403,403,no,200,yes,yes
spankbang.com,yes,Top web,200,403,403,no,403,no,yes
spankbang.party,yes,Top web,200,403,403,no,403,no,yes
spoonflower.com,yes,Top web,200,403,403,no,403,no,no
ssrn.com,yes,Top web,200,403,200,yes,,,yes
steamhistory.net,yes,Top web,200,403,403,no,403,no,yes
steamunlocked.org,no,Top web,200,451,0,no,200,yes,no
surabaya.go.id,no,Top web,200,403,403,no,403,no,no
surriel.com,no,Top web,200,403,403,no,403,no,no
suruga-ya.jp,yes,Top web,200,403,403,no,err:ProxyError,no,yes
technical.ly,yes,News publisher,200,403,403,no,403,no,yes
tenda.com.cn,no,Top web,200,404,404,no,404,no,no
thebadgerproject.org,no,News publisher,200,429,200,yes,,,no
thecity.nyc,no,News publisher,200,429,200,yes,,,yes
thisvid.com,no,Top web,200,404,404,no,404,no,no
tinypic.com,yes,Top web,200,403,403,no,403,no,no
tse.jus.br,no,Top web,200,403,403,no,403,no,no
tudelft.nl,no,Top web,200,403,200,yes,,,no
tukrd.com,yes,Top web,200,404,404,no,404,no,yes
twkan.com,yes,Top web,200,403,200,yes,,,yes
twpornstars.com,yes,Top web,200,403,403,no,403,no,yes
typingerz.com,yes,Top web,200,403,403,no,403,no,yes
uakino.best,yes,Top web,200,403,200,yes,,,yes
ucdavis.edu,no,Top web,200,403,200,yes,,,no
ufstoryfun.com,yes,Top web,200,403,403,no,403,no,yes
ultradns.com,no,Top web,200,404,404,no,404,no,no
umn.edu,yes,Top web,200,403,403,no,200,yes,no
upi.com,yes,Top web,200,403,403,no,200,yes,yes
uplynk.com,no,Top web,200,404,404,no,404,no,no
uptodown.com,no,Top web,200,404,200,yes,,,no
upwork.com,yes,Top web,200,403,403,no,403,no,no
videyly.co,yes,Top web,200,404,404,no,403,no,yes
videystream.vip,yes,Top web,200,404,404,no,404,no,yes
visualwebsiteoptimizer.com,no,Top web,200,502,502,no,502,no,no
voiceofsandiego.org,no,News publisher,200,429,200,yes,,,no
vtdigger.org,no,News publisher,200,429,200,yes,,,no
waterstones.com,yes,Top web,200,403,403,no,403,no,no
wdrb.com,no,News publisher,200,404,404,no,404,no,no
whoop.com,yes,Top web,200,403,403,no,403,no,yes
wunderground.com,no,Top web,200,404,200,yes,,,no
x-x-x.tube,yes,Top web,200,504,200,yes,,,yes
xnhau.cx,yes,Top web,200,403,403,no,403,no,yes
ydparty06.net,yes,Top web,200,403,403,no,200,yes,yes
yellowpages.com,yes,Top web,200,403,403,no,403,no,yes
yts.bz,no,Top web,200,451,0,no,200,yes,yes
zenodo.org,no,Top web,200,403,200,yes,,,no
zoneedit.com,no,Top web,200,404,404,no,404,no,no
