Domain,Publisher name,Segment,Tranco rank,Archived copy (Common Crawl),Capture date,Archived: Content-Signal ai-train=no,Archived: EU Article 4 (Directive 2019/790) reservation text,Archived: GPTBot disallowed,Sept 16 robots.txt HTTP status,Sept 16: Cloudflare managed block present,Sept 16: Bot Preference Sync block present,Sept 16: GPTBot disallowed,Live GPTBot test July (datacenter IP),Live GPTBot test Sept,Common Crawl index lookup,Live robots.txt
nationalreview.com,National Review,News publisher,7632,CC-MAIN-2026-34,2026-08-19,yes,yes,yes,200,no,no,no,ok,ok,https://index.commoncrawl.org/CC-MAIN-2026-34-index?url=nationalreview.com/robots.txt&output=json,https://nationalreview.com/robots.txt
baahrakhari.com,Baahrakhari,News publisher,,CC-MAIN-2026-34,2026-08-15,yes,yes,yes,200,no,no,no,blocked,blocked,https://index.commoncrawl.org/CC-MAIN-2026-34-index?url=baahrakhari.com/robots.txt&output=json,https://baahrakhari.com/robots.txt
bellingcat.com,Bellingcat,News publisher,,CC-MAIN-2026-34,2026-08-19,yes,yes,yes,200,no,no,no,ok,ok,https://index.commoncrawl.org/CC-MAIN-2026-34-index?url=bellingcat.com/robots.txt&output=json,https://bellingcat.com/robots.txt
birminghamwatch.org,BirminghamWatch,News publisher,,CC-MAIN-2026-34,2026-08-19,yes,yes,yes,200,no,no,no,blocked,ok,https://index.commoncrawl.org/CC-MAIN-2026-34-index?url=birminghamwatch.org/robots.txt&output=json,https://birminghamwatch.org/robots.txt
charliehebdo.fr,Charlie Hebdo,News publisher,,CC-MAIN-2026-34,2026-08-11,yes,yes,yes,200,no,no,no,challenge,blocked,https://index.commoncrawl.org/CC-MAIN-2026-34-index?url=charliehebdo.fr/robots.txt&output=json,https://charliehebdo.fr/robots.txt
denverite.com,Denverite,News publisher,,CC-MAIN-2026-34,2026-08-19,yes,yes,yes,200,no,no,no,blocked,blocked,https://index.commoncrawl.org/CC-MAIN-2026-34-index?url=denverite.com/robots.txt&output=json,https://denverite.com/robots.txt
eltimpano.org,El Tímpano,News publisher,,CC-MAIN-2026-34,2026-08-16,yes,yes,yes,200,no,no,no,blocked,blocked,https://index.commoncrawl.org/CC-MAIN-2026-34-index?url=eltimpano.org/robots.txt&output=json,https://eltimpano.org/robots.txt
fair.org,Fairness and Accuracy in Reporting,News publisher,,CC-MAIN-2026-34,2026-08-19,yes,yes,yes,200,no,no,no,blocked,blocked,https://index.commoncrawl.org/CC-MAIN-2026-34-index?url=fair.org/robots.txt&output=json,https://fair.org/robots.txt
gazette.com,Colorado Springs Gazette,News publisher,,CC-MAIN-2026-34,2026-08-20,yes,yes,yes,200,no,no,no,challenge,challenge,https://index.commoncrawl.org/CC-MAIN-2026-34-index?url=gazette.com/robots.txt&output=json,https://gazette.com/robots.txt
karobardaily.com,Karobar Daily,News publisher,,CC-MAIN-2026-34,2026-08-11,yes,yes,yes,200,no,no,no,challenge,challenge,https://index.commoncrawl.org/CC-MAIN-2026-34-index?url=karobardaily.com/robots.txt&output=json,https://karobardaily.com/robots.txt
montanafreepress.org,Montana Free Press,News publisher,,CC-MAIN-2026-34,2026-08-18,yes,yes,yes,200,no,no,no,ok,blocked,https://index.commoncrawl.org/CC-MAIN-2026-34-index?url=montanafreepress.org/robots.txt&output=json,https://montanafreepress.org/robots.txt
newstribune.com,Jefferson City News Tribune,News publisher,,CC-MAIN-2026-34,2026-08-16,yes,yes,yes,200,no,no,no,blocked,blocked,https://index.commoncrawl.org/CC-MAIN-2026-34-index?url=newstribune.com/robots.txt&output=json,https://newstribune.com/robots.txt
novayagazeta.eu,Novaya Gazeta,News publisher,,CC-MAIN-2026-34,2026-08-19,yes,yes,yes,200,no,no,no,blocked,ok,https://index.commoncrawl.org/CC-MAIN-2026-34-index?url=novayagazeta.eu/robots.txt&output=json,https://novayagazeta.eu/robots.txt
openvallejo.org,Open Vallejo,News publisher,,CC-MAIN-2026-34,2026-08-19,yes,yes,yes,200,no,no,no,blocked,blocked,https://index.commoncrawl.org/CC-MAIN-2026-34-index?url=openvallejo.org/robots.txt&output=json,https://openvallejo.org/robots.txt
osnepal.com,OSNepal,News publisher,,CC-MAIN-2026-34,2026-08-15,yes,yes,yes,200,no,no,no,blocked,blocked,https://index.commoncrawl.org/CC-MAIN-2026-34-index?url=osnepal.com/robots.txt&output=json,https://osnepal.com/robots.txt
periodismoinvestigativo.com,Centro de Periodismo Investigativo,News publisher,,CC-MAIN-2026-34,2026-08-19,yes,yes,yes,200,no,no,no,ok,ok,https://index.commoncrawl.org/CC-MAIN-2026-34-index?url=periodismoinvestigativo.com/robots.txt&output=json,https://periodismoinvestigativo.com/robots.txt
punchbowl.news,Punchbowl News,News publisher,,CC-MAIN-2026-34,2026-08-18,yes,yes,yes,200,no,no,no,proxyerr:ProxyError,blocked,https://index.commoncrawl.org/CC-MAIN-2026-34-index?url=punchbowl.news/robots.txt&output=json,https://punchbowl.news/robots.txt
reductress.com,Reductress,News publisher,,CC-MAIN-2026-34,2026-08-18,yes,yes,yes,200,no,no,no,blocked,blocked,https://index.commoncrawl.org/CC-MAIN-2026-34-index?url=reductress.com/robots.txt&output=json,https://reductress.com/robots.txt
thahakhabar.com,Thaha Khabar,News publisher,,CC-MAIN-2026-34,2026-08-18,yes,yes,yes,200,no,no,no,blocked,blocked,https://index.commoncrawl.org/CC-MAIN-2026-34-index?url=thahakhabar.com/robots.txt&output=json,https://thahakhabar.com/robots.txt
the74million.org,74th,News publisher,,CC-MAIN-2026-34,2026-08-18,yes,yes,yes,200,no,no,no,challenge,challenge,https://index.commoncrawl.org/CC-MAIN-2026-34-index?url=the74million.org/robots.txt&output=json,https://the74million.org/robots.txt
patreon.com,,Top web,541,CC-MAIN-2026-34,2026-08-19,yes,yes,yes,200,no,no,no,challenge,challenge,https://index.commoncrawl.org/CC-MAIN-2026-34-index?url=patreon.com/robots.txt&output=json,https://patreon.com/robots.txt
crn77.com,,Top web,1351,CC-MAIN-2026-34,2026-08-10,yes,yes,yes,200,no,no,no,not in test set,not in test set,https://index.commoncrawl.org/CC-MAIN-2026-34-index?url=crn77.com/robots.txt&output=json,https://crn77.com/robots.txt
myinstants.com,,Top web,1476,CC-MAIN-2026-34,2026-08-09,yes,yes,yes,200,no,no,no,not in test set,not in test set,https://index.commoncrawl.org/CC-MAIN-2026-34-index?url=myinstants.com/robots.txt&output=json,https://myinstants.com/robots.txt
omg10.com,,Top web,1486,CC-MAIN-2026-34,2026-08-18,yes,yes,yes,200,no,no,no,not in test set,not in test set,https://index.commoncrawl.org/CC-MAIN-2026-34-index?url=omg10.com/robots.txt&output=json,https://omg10.com/robots.txt
xnxx.health,,Top web,1524,CC-MAIN-2026-34,2026-08-17,yes,yes,yes,200,no,no,no,not in test set,not in test set,https://index.commoncrawl.org/CC-MAIN-2026-34-index?url=xnxx.health/robots.txt&output=json,https://xnxx.health/robots.txt
wnacg.com,,Top web,1565,CC-MAIN-2026-34,2026-08-15,yes,yes,yes,200,no,no,no,not in test set,not in test set,https://index.commoncrawl.org/CC-MAIN-2026-34-index?url=wnacg.com/robots.txt&output=json,https://wnacg.com/robots.txt
ey43.com,,Top web,1610,CC-MAIN-2026-34,2026-08-16,yes,yes,yes,200,no,no,no,not in test set,not in test set,https://index.commoncrawl.org/CC-MAIN-2026-34-index?url=ey43.com/robots.txt&output=json,https://ey43.com/robots.txt
dogdrip.net,,Top web,1616,CC-MAIN-2026-34,2026-08-15,yes,yes,yes,200,no,no,no,not in test set,not in test set,https://index.commoncrawl.org/CC-MAIN-2026-34-index?url=dogdrip.net/robots.txt&output=json,https://dogdrip.net/robots.txt
momon-ga.com,,Top web,1671,CC-MAIN-2026-34,2026-08-11,yes,yes,yes,200,no,no,no,not in test set,not in test set,https://index.commoncrawl.org/CC-MAIN-2026-34-index?url=momon-ga.com/robots.txt&output=json,https://momon-ga.com/robots.txt
manhwaweb.com,,Top web,1736,CC-MAIN-2026-34,2026-08-19,yes,yes,yes,200,no,no,no,not in test set,not in test set,https://index.commoncrawl.org/CC-MAIN-2026-34-index?url=manhwaweb.com/robots.txt&output=json,https://manhwaweb.com/robots.txt
animanch.com,,Top web,1745,CC-MAIN-2026-34,2026-08-19,yes,yes,yes,200,no,no,no,not in test set,not in test set,https://index.commoncrawl.org/CC-MAIN-2026-34-index?url=animanch.com/robots.txt&output=json,https://animanch.com/robots.txt
animesalt.ac,,Top web,1748,CC-MAIN-2026-34,2026-08-12,yes,yes,yes,200,no,no,no,not in test set,not in test set,https://index.commoncrawl.org/CC-MAIN-2026-34-index?url=animesalt.ac/robots.txt&output=json,https://animesalt.ac/robots.txt
loteriadehoy.com,,Top web,1808,CC-MAIN-2026-34,2026-08-14,yes,yes,yes,200,no,no,no,not in test set,not in test set,https://index.commoncrawl.org/CC-MAIN-2026-34-index?url=loteriadehoy.com/robots.txt&output=json,https://loteriadehoy.com/robots.txt
xn--12c1ezaww.com,,Top web,1820,CC-MAIN-2026-34,2026-08-15,yes,yes,yes,200,no,no,no,not in test set,not in test set,https://index.commoncrawl.org/CC-MAIN-2026-34-index?url=xn--12c1ezaww.com/robots.txt&output=json,https://xn--12c1ezaww.com/robots.txt
mp4moviez.fan,,Top web,1854,CC-MAIN-2026-30,2026-07-19,yes,yes,yes,200,no,no,no,not in test set,not in test set,https://index.commoncrawl.org/CC-MAIN-2026-30-index?url=mp4moviez.fan/robots.txt&output=json,https://mp4moviez.fan/robots.txt
filmyzilla39.com,,Top web,1860,CC-MAIN-2026-30,2026-07-13,yes,yes,yes,200,no,no,no,not in test set,not in test set,https://index.commoncrawl.org/CC-MAIN-2026-30-index?url=filmyzilla39.com/robots.txt&output=json,https://filmyzilla39.com/robots.txt
si.edu,,Top web,2011,CC-MAIN-2026-34,2026-08-19,yes,yes,yes,200,no,no,no,not in test set,not in test set,https://index.commoncrawl.org/CC-MAIN-2026-34-index?url=si.edu/robots.txt&output=json,https://si.edu/robots.txt
acronis.com,,Top web,2154,CC-MAIN-2026-34,2026-08-19,yes,yes,yes,200,no,no,no,not in test set,not in test set,https://index.commoncrawl.org/CC-MAIN-2026-34-index?url=acronis.com/robots.txt&output=json,https://acronis.com/robots.txt
ko-fi.com,,Top web,2815,CC-MAIN-2026-34,2026-08-19,yes,yes,yes,200,no,no,no,not in test set,not in test set,https://index.commoncrawl.org/CC-MAIN-2026-34-index?url=ko-fi.com/robots.txt&output=json,https://ko-fi.com/robots.txt
a2hosting.com,,Top web,3151,CC-MAIN-2026-34,2026-08-19,yes,yes,yes,200,no,no,no,not in test set,not in test set,https://index.commoncrawl.org/CC-MAIN-2026-34-index?url=a2hosting.com/robots.txt&output=json,https://a2hosting.com/robots.txt
standardnotes.com,,Top web,3588,CC-MAIN-2026-34,2026-08-13,yes,yes,yes,200,no,no,no,not in test set,not in test set,https://index.commoncrawl.org/CC-MAIN-2026-34-index?url=standardnotes.com/robots.txt&output=json,https://standardnotes.com/robots.txt
vaticannews.va,,Top web,3966,CC-MAIN-2026-34,2026-08-19,yes,yes,yes,200,no,no,no,not in test set,not in test set,https://index.commoncrawl.org/CC-MAIN-2026-34-index?url=vaticannews.va/robots.txt&output=json,https://vaticannews.va/robots.txt
findagrave.com,,Top web,3976,CC-MAIN-2026-34,2026-08-20,yes,yes,yes,200,no,no,no,not in test set,not in test set,https://index.commoncrawl.org/CC-MAIN-2026-34-index?url=findagrave.com/robots.txt&output=json,https://findagrave.com/robots.txt
airasia.com,,Top web,3979,CC-MAIN-2026-34,2026-08-18,yes,yes,yes,200,no,no,no,not in test set,not in test set,https://index.commoncrawl.org/CC-MAIN-2026-34-index?url=airasia.com/robots.txt&output=json,https://airasia.com/robots.txt
marinetraffic.com,,Top web,4155,CC-MAIN-2026-34,2026-08-18,yes,yes,yes,200,no,no,no,not in test set,not in test set,https://index.commoncrawl.org/CC-MAIN-2026-34-index?url=marinetraffic.com/robots.txt&output=json,https://marinetraffic.com/robots.txt
opensea.io,,Top web,4750,CC-MAIN-2026-34,2026-08-19,yes,yes,yes,200,no,no,no,not in test set,not in test set,https://index.commoncrawl.org/CC-MAIN-2026-34-index?url=opensea.io/robots.txt&output=json,https://opensea.io/robots.txt
aps.org,,Top web,4843,CC-MAIN-2026-34,2026-08-19,yes,yes,yes,200,no,no,no,not in test set,not in test set,https://index.commoncrawl.org/CC-MAIN-2026-34-index?url=aps.org/robots.txt&output=json,https://aps.org/robots.txt
icons8.com,,Top web,4984,CC-MAIN-2026-34,2026-08-19,yes,yes,yes,200,no,no,no,not in test set,not in test set,https://index.commoncrawl.org/CC-MAIN-2026-34-index?url=icons8.com/robots.txt&output=json,https://icons8.com/robots.txt
epfl.ch,,Top web,5166,CC-MAIN-2026-34,2026-08-19,yes,yes,yes,200,no,no,no,not in test set,not in test set,https://index.commoncrawl.org/CC-MAIN-2026-34-index?url=epfl.ch/robots.txt&output=json,https://epfl.ch/robots.txt
atptour.com,,Top web,5332,CC-MAIN-2026-34,2026-08-18,yes,yes,yes,200,no,no,no,not in test set,not in test set,https://index.commoncrawl.org/CC-MAIN-2026-34-index?url=atptour.com/robots.txt&output=json,https://atptour.com/robots.txt
inaturalist.org,,Top web,5508,CC-MAIN-2026-34,2026-08-20,yes,yes,yes,200,no,no,no,not in test set,not in test set,https://index.commoncrawl.org/CC-MAIN-2026-34-index?url=inaturalist.org/robots.txt&output=json,https://inaturalist.org/robots.txt
opaque.net,,Top web,5788,CC-MAIN-2026-30,2026-07-22,yes,yes,yes,200,no,no,no,not in test set,not in test set,https://index.commoncrawl.org/CC-MAIN-2026-30-index?url=opaque.net/robots.txt&output=json,https://opaque.net/robots.txt
castbox.fm,,Top web,5954,CC-MAIN-2026-34,2026-08-19,yes,yes,yes,200,no,no,no,not in test set,not in test set,https://index.commoncrawl.org/CC-MAIN-2026-34-index?url=castbox.fm/robots.txt&output=json,https://castbox.fm/robots.txt
hud.gov,,Top web,5967,CC-MAIN-2026-34,2026-08-19,yes,yes,yes,200,no,no,no,not in test set,not in test set,https://index.commoncrawl.org/CC-MAIN-2026-34-index?url=hud.gov/robots.txt&output=json,https://hud.gov/robots.txt
codeforces.com,,Top web,6224,CC-MAIN-2026-34,2026-08-19,yes,yes,yes,200,no,no,no,not in test set,not in test set,https://index.commoncrawl.org/CC-MAIN-2026-34-index?url=codeforces.com/robots.txt&output=json,https://codeforces.com/robots.txt
stylevana.com,,Top web,6248,CC-MAIN-2026-34,2026-08-19,yes,yes,yes,200,no,no,no,not in test set,not in test set,https://index.commoncrawl.org/CC-MAIN-2026-34-index?url=stylevana.com/robots.txt&output=json,https://stylevana.com/robots.txt
thuvienphapluat.vn,,Top web,6273,CC-MAIN-2026-34,2026-08-19,yes,yes,yes,200,no,no,no,not in test set,not in test set,https://index.commoncrawl.org/CC-MAIN-2026-34-index?url=thuvienphapluat.vn/robots.txt&output=json,https://thuvienphapluat.vn/robots.txt
rebrand.ly,,Top web,6355,CC-MAIN-2026-34,2026-08-19,yes,yes,yes,200,no,no,no,not in test set,not in test set,https://index.commoncrawl.org/CC-MAIN-2026-34-index?url=rebrand.ly/robots.txt&output=json,https://rebrand.ly/robots.txt
gsu.edu,,Top web,6365,CC-MAIN-2026-34,2026-08-15,yes,yes,yes,200,no,no,no,not in test set,not in test set,https://index.commoncrawl.org/CC-MAIN-2026-34-index?url=gsu.edu/robots.txt&output=json,https://gsu.edu/robots.txt
up.pt,,Top web,6488,CC-MAIN-2026-34,2026-08-13,yes,yes,yes,200,no,no,no,not in test set,not in test set,https://index.commoncrawl.org/CC-MAIN-2026-34-index?url=up.pt/robots.txt&output=json,https://up.pt/robots.txt
comparethemarket.com,,Top web,6629,CC-MAIN-2026-34,2026-08-16,yes,yes,yes,200,no,no,no,not in test set,not in test set,https://index.commoncrawl.org/CC-MAIN-2026-34-index?url=comparethemarket.com/robots.txt&output=json,https://comparethemarket.com/robots.txt
use.ai,,Top web,6708,CC-MAIN-2026-34,2026-08-09,yes,yes,yes,200,no,no,no,not in test set,not in test set,https://index.commoncrawl.org/CC-MAIN-2026-34-index?url=use.ai/robots.txt&output=json,https://use.ai/robots.txt
russianfood.com,,Top web,6726,CC-MAIN-2026-34,2026-08-15,yes,yes,yes,200,no,no,no,not in test set,not in test set,https://index.commoncrawl.org/CC-MAIN-2026-34-index?url=russianfood.com/robots.txt&output=json,https://russianfood.com/robots.txt
wikiwand.com,,Top web,6820,CC-MAIN-2026-34,2026-08-19,yes,yes,yes,200,no,no,no,not in test set,not in test set,https://index.commoncrawl.org/CC-MAIN-2026-34-index?url=wikiwand.com/robots.txt&output=json,https://wikiwand.com/robots.txt
hentaiera.com,,Top web,6985,CC-MAIN-2026-34,2026-08-19,yes,yes,yes,200,no,no,no,not in test set,not in test set,https://index.commoncrawl.org/CC-MAIN-2026-34-index?url=hentaiera.com/robots.txt&output=json,https://hentaiera.com/robots.txt
voz.vn,,Top web,7243,CC-MAIN-2026-34,2026-08-15,yes,yes,yes,200,no,no,no,not in test set,not in test set,https://index.commoncrawl.org/CC-MAIN-2026-34-index?url=voz.vn/robots.txt&output=json,https://voz.vn/robots.txt
rae.es,,Top web,7367,CC-MAIN-2026-34,2026-08-15,yes,yes,yes,200,no,no,no,not in test set,not in test set,https://index.commoncrawl.org/CC-MAIN-2026-34-index?url=rae.es/robots.txt&output=json,https://rae.es/robots.txt
wiki.gg,,Top web,7368,CC-MAIN-2026-30,2026-07-21,yes,yes,yes,200,no,no,no,not in test set,not in test set,https://index.commoncrawl.org/CC-MAIN-2026-30-index?url=wiki.gg/robots.txt&output=json,https://wiki.gg/robots.txt
examiner.com,,Top web,7548,CC-MAIN-2026-34,2026-08-19,yes,yes,yes,200,no,no,no,not in test set,not in test set,https://index.commoncrawl.org/CC-MAIN-2026-34-index?url=examiner.com/robots.txt&output=json,https://examiner.com/robots.txt
shahvani.com,,Top web,7595,CC-MAIN-2026-34,2026-08-18,yes,yes,yes,200,no,no,no,not in test set,not in test set,https://index.commoncrawl.org/CC-MAIN-2026-34-index?url=shahvani.com/robots.txt&output=json,https://shahvani.com/robots.txt
tv3.lt,,Top web,7690,CC-MAIN-2026-34,2026-08-19,yes,yes,yes,200,no,no,no,not in test set,not in test set,https://index.commoncrawl.org/CC-MAIN-2026-34-index?url=tv3.lt/robots.txt&output=json,https://tv3.lt/robots.txt
beatport.com,,Top web,7817,CC-MAIN-2026-34,2026-08-20,yes,yes,yes,200,no,no,no,not in test set,not in test set,https://index.commoncrawl.org/CC-MAIN-2026-34-index?url=beatport.com/robots.txt&output=json,https://beatport.com/robots.txt
jetpunk.com,,Top web,7910,CC-MAIN-2026-34,2026-08-18,yes,yes,yes,200,no,no,no,not in test set,not in test set,https://index.commoncrawl.org/CC-MAIN-2026-34-index?url=jetpunk.com/robots.txt&output=json,https://jetpunk.com/robots.txt
emojidb.org,,Top web,8128,CC-MAIN-2026-34,2026-08-07,yes,yes,yes,200,no,no,no,not in test set,not in test set,https://index.commoncrawl.org/CC-MAIN-2026-34-index?url=emojidb.org/robots.txt&output=json,https://emojidb.org/robots.txt
otieu.com,,Top web,8185,CC-MAIN-2026-34,2026-08-14,yes,yes,yes,200,no,no,no,not in test set,not in test set,https://index.commoncrawl.org/CC-MAIN-2026-34-index?url=otieu.com/robots.txt&output=json,https://otieu.com/robots.txt
7dak.com,,Top web,8225,CC-MAIN-2026-30,2026-07-12,yes,yes,yes,200,no,no,no,not in test set,not in test set,https://index.commoncrawl.org/CC-MAIN-2026-30-index?url=7dak.com/robots.txt&output=json,https://7dak.com/robots.txt
aryion.com,,Top web,8238,CC-MAIN-2026-34,2026-08-10,yes,yes,yes,200,no,no,no,not in test set,not in test set,https://index.commoncrawl.org/CC-MAIN-2026-34-index?url=aryion.com/robots.txt&output=json,https://aryion.com/robots.txt
rm358.com,,Top web,8277,CC-MAIN-2026-34,2026-08-18,yes,yes,yes,200,no,no,no,not in test set,not in test set,https://index.commoncrawl.org/CC-MAIN-2026-34-index?url=rm358.com/robots.txt&output=json,https://rm358.com/robots.txt
vortexscans.org,,Top web,8325,CC-MAIN-2026-30,2026-07-16,yes,yes,yes,200,no,no,no,not in test set,not in test set,https://index.commoncrawl.org/CC-MAIN-2026-30-index?url=vortexscans.org/robots.txt&output=json,https://vortexscans.org/robots.txt
chronicle.com,,Top web,8383,CC-MAIN-2026-34,2026-08-19,yes,yes,yes,200,no,no,no,not in test set,not in test set,https://index.commoncrawl.org/CC-MAIN-2026-34-index?url=chronicle.com/robots.txt&output=json,https://chronicle.com/robots.txt
livecamrips.to,,Top web,8405,CC-MAIN-2026-34,2026-08-07,yes,yes,yes,200,no,no,no,not in test set,not in test set,https://index.commoncrawl.org/CC-MAIN-2026-34-index?url=livecamrips.to/robots.txt&output=json,https://livecamrips.to/robots.txt
52shuku.net,,Top web,8446,CC-MAIN-2026-34,2026-08-18,yes,yes,yes,200,no,no,no,not in test set,not in test set,https://index.commoncrawl.org/CC-MAIN-2026-34-index?url=52shuku.net/robots.txt&output=json,https://52shuku.net/robots.txt
sextb.net,,Top web,8467,CC-MAIN-2026-34,2026-08-13,yes,yes,yes,200,no,no,no,not in test set,not in test set,https://index.commoncrawl.org/CC-MAIN-2026-34-index?url=sextb.net/robots.txt&output=json,https://sextb.net/robots.txt
obqj2.com,,Top web,8482,CC-MAIN-2026-34,2026-08-16,yes,yes,yes,200,no,no,no,not in test set,not in test set,https://index.commoncrawl.org/CC-MAIN-2026-34-index?url=obqj2.com/robots.txt&output=json,https://obqj2.com/robots.txt
nikkei225jp.com,,Top web,8549,CC-MAIN-2026-34,2026-08-11,yes,yes,yes,200,no,no,no,not in test set,not in test set,https://index.commoncrawl.org/CC-MAIN-2026-34-index?url=nikkei225jp.com/robots.txt&output=json,https://nikkei225jp.com/robots.txt
novelfire.net,,Top web,8658,CC-MAIN-2026-30,2026-07-17,yes,yes,yes,200,no,no,no,not in test set,not in test set,https://index.commoncrawl.org/CC-MAIN-2026-30-index?url=novelfire.net/robots.txt&output=json,https://novelfire.net/robots.txt
emojicombos.com,,Top web,8690,CC-MAIN-2026-34,2026-08-13,yes,yes,yes,200,no,no,no,not in test set,not in test set,https://index.commoncrawl.org/CC-MAIN-2026-34-index?url=emojicombos.com/robots.txt&output=json,https://emojicombos.com/robots.txt
momvids.com,,Top web,8745,CC-MAIN-2026-34,2026-08-18,yes,yes,yes,200,no,no,no,not in test set,not in test set,https://index.commoncrawl.org/CC-MAIN-2026-34-index?url=momvids.com/robots.txt&output=json,https://momvids.com/robots.txt
gimkit.com,,Top web,8765,CC-MAIN-2026-34,2026-08-17,yes,yes,yes,200,no,no,no,not in test set,not in test set,https://index.commoncrawl.org/CC-MAIN-2026-34-index?url=gimkit.com/robots.txt&output=json,https://gimkit.com/robots.txt
bigthink.com,,Top web,8785,CC-MAIN-2026-34,2026-08-19,yes,yes,yes,200,no,no,no,not in test set,not in test set,https://index.commoncrawl.org/CC-MAIN-2026-34-index?url=bigthink.com/robots.txt&output=json,https://bigthink.com/robots.txt
orizzontescuola.it,,Top web,8815,CC-MAIN-2026-34,2026-08-19,yes,yes,yes,200,no,no,no,not in test set,not in test set,https://index.commoncrawl.org/CC-MAIN-2026-34-index?url=orizzontescuola.it/robots.txt&output=json,https://orizzontescuola.it/robots.txt
sexbebin.com,,Top web,8849,CC-MAIN-2026-34,2026-08-11,yes,yes,yes,200,no,no,no,not in test set,not in test set,https://index.commoncrawl.org/CC-MAIN-2026-34-index?url=sexbebin.com/robots.txt&output=json,https://sexbebin.com/robots.txt
hentai20.io,,Top web,8875,CC-MAIN-2026-34,2026-08-13,yes,yes,yes,200,no,no,no,not in test set,not in test set,https://index.commoncrawl.org/CC-MAIN-2026-34-index?url=hentai20.io/robots.txt&output=json,https://hentai20.io/robots.txt
insidehighered.com,,Top web,8944,CC-MAIN-2026-34,2026-08-19,yes,yes,yes,200,no,no,no,not in test set,not in test set,https://index.commoncrawl.org/CC-MAIN-2026-34-index?url=insidehighered.com/robots.txt&output=json,https://insidehighered.com/robots.txt
porn-comic.com,,Top web,8971,CC-MAIN-2026-34,2026-08-14,yes,yes,yes,200,no,no,no,not in test set,not in test set,https://index.commoncrawl.org/CC-MAIN-2026-34-index?url=porn-comic.com/robots.txt&output=json,https://porn-comic.com/robots.txt
getmodsapk.com,,Top web,9030,CC-MAIN-2026-34,2026-08-12,yes,yes,yes,200,no,no,no,not in test set,not in test set,https://index.commoncrawl.org/CC-MAIN-2026-34-index?url=getmodsapk.com/robots.txt&output=json,https://getmodsapk.com/robots.txt
pari-betting.com,,Top web,9136,CC-MAIN-2026-30,2026-07-16,yes,yes,yes,200,no,no,no,not in test set,not in test set,https://index.commoncrawl.org/CC-MAIN-2026-30-index?url=pari-betting.com/robots.txt&output=json,https://pari-betting.com/robots.txt
hubcloud.foo,,Top web,9155,CC-MAIN-2026-30,2026-07-19,yes,yes,yes,200,no,no,no,not in test set,not in test set,https://index.commoncrawl.org/CC-MAIN-2026-30-index?url=hubcloud.foo/robots.txt&output=json,https://hubcloud.foo/robots.txt
aflamk1.net,,Top web,9193,CC-MAIN-2026-34,2026-08-19,yes,yes,yes,200,no,no,no,not in test set,not in test set,https://index.commoncrawl.org/CC-MAIN-2026-34-index?url=aflamk1.net/robots.txt&output=json,https://aflamk1.net/robots.txt
kriesi.at,,Top web,9206,CC-MAIN-2026-34,2026-08-18,yes,yes,yes,200,no,no,no,not in test set,not in test set,https://index.commoncrawl.org/CC-MAIN-2026-34-index?url=kriesi.at/robots.txt&output=json,https://kriesi.at/robots.txt
odysee.com,,Top web,9262,CC-MAIN-2026-34,2026-08-19,yes,yes,yes,200,no,no,no,not in test set,not in test set,https://index.commoncrawl.org/CC-MAIN-2026-34-index?url=odysee.com/robots.txt&output=json,https://odysee.com/robots.txt
dorama.land,,Top web,9271,CC-MAIN-2026-34,2026-08-19,yes,yes,yes,200,no,no,no,not in test set,not in test set,https://index.commoncrawl.org/CC-MAIN-2026-34-index?url=dorama.land/robots.txt&output=json,https://dorama.land/robots.txt
nekopoi.care,,Top web,9280,CC-MAIN-2026-34,2026-08-12,yes,yes,yes,200,no,no,no,not in test set,not in test set,https://index.commoncrawl.org/CC-MAIN-2026-34-index?url=nekopoi.care/robots.txt&output=json,https://nekopoi.care/robots.txt
5278.cc,,Top web,9325,CC-MAIN-2026-34,2026-08-18,yes,yes,yes,200,no,no,no,not in test set,not in test set,https://index.commoncrawl.org/CC-MAIN-2026-34-index?url=5278.cc/robots.txt&output=json,https://5278.cc/robots.txt
arabsex1.com,,Top web,9374,CC-MAIN-2026-34,2026-08-17,yes,yes,yes,200,no,no,no,not in test set,not in test set,https://index.commoncrawl.org/CC-MAIN-2026-34-index?url=arabsex1.com/robots.txt&output=json,https://arabsex1.com/robots.txt
priceoye.pk,,Top web,9446,CC-MAIN-2026-34,2026-08-13,yes,yes,yes,200,no,no,no,not in test set,not in test set,https://index.commoncrawl.org/CC-MAIN-2026-34-index?url=priceoye.pk/robots.txt&output=json,https://priceoye.pk/robots.txt
streamimdb.ru,,Top web,9488,CC-MAIN-2026-34,2026-08-13,yes,yes,yes,200,no,no,no,not in test set,not in test set,https://index.commoncrawl.org/CC-MAIN-2026-34-index?url=streamimdb.ru/robots.txt&output=json,https://streamimdb.ru/robots.txt
odibets.com,,Top web,9491,CC-MAIN-2026-34,2026-08-17,yes,yes,yes,200,no,no,no,not in test set,not in test set,https://index.commoncrawl.org/CC-MAIN-2026-34-index?url=odibets.com/robots.txt&output=json,https://odibets.com/robots.txt
mcw-casino.games,,Top web,9539,CC-MAIN-2026-30,2026-07-20,yes,yes,yes,200,no,no,no,not in test set,not in test set,https://index.commoncrawl.org/CC-MAIN-2026-30-index?url=mcw-casino.games/robots.txt&output=json,https://mcw-casino.games/robots.txt
freevideo.cz,,Top web,9586,CC-MAIN-2026-34,2026-08-17,yes,yes,yes,200,no,no,no,not in test set,not in test set,https://index.commoncrawl.org/CC-MAIN-2026-34-index?url=freevideo.cz/robots.txt&output=json,https://freevideo.cz/robots.txt
123-hds.com,,Top web,9612,CC-MAIN-2026-34,2026-08-17,yes,yes,yes,200,no,no,no,not in test set,not in test set,https://index.commoncrawl.org/CC-MAIN-2026-34-index?url=123-hds.com/robots.txt&output=json,https://123-hds.com/robots.txt
yakkun.com,,Top web,9626,CC-MAIN-2026-34,2026-08-18,yes,yes,yes,200,no,no,no,not in test set,not in test set,https://index.commoncrawl.org/CC-MAIN-2026-34-index?url=yakkun.com/robots.txt&output=json,https://yakkun.com/robots.txt
bokepnoz.in,,Top web,9722,CC-MAIN-2026-30,2026-07-13,yes,yes,yes,200,no,no,no,not in test set,not in test set,https://index.commoncrawl.org/CC-MAIN-2026-30-index?url=bokepnoz.in/robots.txt&output=json,https://bokepnoz.in/robots.txt
loteriasdominicanas.com,,Top web,9755,CC-MAIN-2026-34,2026-08-19,yes,yes,yes,200,no,no,no,not in test set,not in test set,https://index.commoncrawl.org/CC-MAIN-2026-34-index?url=loteriasdominicanas.com/robots.txt&output=json,https://loteriasdominicanas.com/robots.txt
mastibaba.com,,Top web,9763,CC-MAIN-2026-34,2026-08-07,yes,yes,yes,200,no,no,no,not in test set,not in test set,https://index.commoncrawl.org/CC-MAIN-2026-34-index?url=mastibaba.com/robots.txt&output=json,https://mastibaba.com/robots.txt
nu.or.id,,Top web,9849,CC-MAIN-2026-34,2026-08-19,yes,yes,yes,200,no,no,no,not in test set,not in test set,https://index.commoncrawl.org/CC-MAIN-2026-34-index?url=nu.or.id/robots.txt&output=json,https://nu.or.id/robots.txt
cdnfonts.com,,Top web,9880,CC-MAIN-2026-34,2026-08-18,yes,yes,yes,200,no,no,no,not in test set,not in test set,https://index.commoncrawl.org/CC-MAIN-2026-34-index?url=cdnfonts.com/robots.txt&output=json,https://cdnfonts.com/robots.txt
bisp.gov.pk,,Top web,9943,CC-MAIN-2026-34,2026-08-12,yes,yes,yes,200,no,no,no,not in test set,not in test set,https://index.commoncrawl.org/CC-MAIN-2026-34-index?url=bisp.gov.pk/robots.txt&output=json,https://bisp.gov.pk/robots.txt
